Designator,Mid X,Mid Y,Rotation,Layer
BT1,110.45875,-88.10625,0.0,top
D1,120.17375,-61.9125,0.0,top
D2,127.96375,-61.9125,0.0,top
Q1,120.80875,-76.2,270.0,top
R1,107.8375,-73.81875,0.0,top
R2,127.635,-83.34375,0.0,top
R3,128.5875,-72.39,90.0,top
